Comment,Score,Suggestion
آهنگ پیشواز سردار سلیمانی,0,0
آهنگ پیشواز همراه اول سردار سلیمانی,1,1
کد پیشواز سردار سلیمانی همراه اول,2,2
آواهای انتظار همراه اول,3,3
۷۰گیگ اینترنت رایگان همراه اول,4,4
خرید سیم کارت همراه اول رند,5,5
فعال کردن پشت خطی همراه اول,6,6
شنیدن آوای انتظار همراه اول,7,7
استعلام موجودی همراه اول,8,8
حذف آهنگ پیشواز همراه اول,9,9
استعلام قبض همراه اول,10,10
کد آهنگ پیشواز همراه اول جدید غمگین با پخش انلاین,11,11
لغو آهنگ پیشواز همراه اول,12,12
قیمت سهام همراه اول,13,13
کدانتقال شارژ همراه اول,14,14
انتقال شارژ همراه اول به ایرانسل,15,15
كد وارد كردن رمز شارژ همراه اول,16,16
لغو تمدید خودکار اینترنت همراه اول,17,17
حذف پیشواز همراه اول,18,18
هفتاد گیگ اینترنت رایگان همراه اول,19,19
سايت همراه اول,20,20
کد لغو بسته همراه اول,21,21
حذف پیام های تبلیغاتی همراه اول,22,22
درخواست شارژ همراه اول,23,23
مشاهده ریز صورتحساب همراه اول,24,24
انتقال شارژ همراه اول به شخص دیگر,25,0
mci,26,1
سهام عدالت,27,2
پرداخت قبض تلفن ثابت,28,3
نحوه وارد كردن رمز شارژ همراه اول,29,4
varzesh3,30,5
بهترین بسته اینترنت همراه اول,31,6
دائمي كردن خط اعتباري همراه اول,32,7
کد پیشواز همراه اول از آرون افشار,33,8
اینترنت نامحدود ایرانسل,34,9
فروش اقساطی سیم کارت همراه اول 0912,35,10
mci.ir,36,11
مودم ایرانسل,37,12
کد دوشنبه آخر ماه همراه اول,38,13
اپ همراه اول,39,14
غیر فعال سازی اینترنت همراه اول,40,15
نتایج زنده,41,16
دیجی کالا,42,17
هزینه مکالمه همراه اول,43,18
سهام همراه اول,44,19
چتر اضطراری همراه اول,45,20
شماره پشتیبانی همراه اول,46,21
کدانتقال شارژ همراه اول,47,22
شارژ اضطراری ایرانسل,48,23
قیمت روز خودرو,49,24
عیدی همراه اول ۹۹,50,0
کد عیدی همراه اول ۹۹,51,1
هدیه همراه اول ۹۹,52,2
عیدی همراه اول 99,53,3
هدیه نوروز همراه اول,54,4
100 گیگ اینترنت رایگان همراه اول,55,5
عیدی ایرانسل,56,6
کد عیدانه همراه اول,57,7
شارژ عیدی همراه اول,58,8
عیدی همراه اول سال ۹۹,59,9
عیدانه همراه اول 99,60,10
صد گیگ اینترنت رایگان,61,11
عیدانه همراه اول ۹۹,62,12
هدیه همراه اول نوروز ۹۹,63,13
کد عیدی همراه اول 99,64,14
۱۰۰گیگ اینترنت رایگان همراه اول,65,15
عیدی سال 99,66,16
عیدی ایرانسل ۹۹,67,17
کد هدیه نوروزی همراه اول,68,18
بسته عیدانه همراه اول,69,19
کد اینترنت رایگان همراه اول 99,70,20
کد ۱۰۰ گیگ اینترنت رایگان همراه اول,71,21
اوانز همراه اول,72,22
کد شارژ عیدی همراه اول,73,23
کد دریافت عیدی همراه اول,74,24
ثبت نام رایگان سیم کارت همراه اول,75,0
سیم کارت همراه اول سرپرست خانوار,76,1
ثبت نام سیم کارت ایرانسل,77,2
ثبت نام سیم کارت رایگان ایرانسل,78,3
ثبت نام سیمکارت رایگان همراه اول,79,4
پیگیری سیم کارت رایگان همراه اول,80,5
ثبت نام اینترنتی سیم کارت همراه اول,81,6
ثبت نام سیم کارت رایگان همراه اول سرپرست خانوار,82,7
سیم کارت رایگان همراه اول برای سرپرست خانوار,83,8
فروشگاه اینترنتی همراه اول,84,9
فروشگاه ایرانسل,85,10
نحوه ثبت نام سیم کارت همراه اول,86,11
خريد سيم كارت همراه اول,87,12
اسامی برندگان همراه اول,88,13
ثبت نام اینترنتی سیم کارت رایگان همراه اول,89,14
ثبت نام سیمکارت رایگان ایرانسل,90,15
ثبت نام سیم کارت رایگان,91,16
نحوه ثبت نام سیم کارت رایگان همراه اول,92,17
shop mcir.ir,93,18
فعال كردن سيم كارت اعتباري همراه اول,94,19
ثبت نام همراه اول رایگان,95,20
ثبت نام سیم کارت همراه اول,96,21
ثبت نام سیم کارت رایگان همراه اول غیر حضوری,97,22
shop mci ir,98,23
گوش دادن آهنگ پیشواز همراه اول جدید,99,24
هدیه عید فطر همراه اول,100,0
سامانه سجام,101,1
ثبت نام ایران خودرو,102,2
پیگیری سیم کارت سرپرست خانوار,103,3
سامانه سهام عدالت,104,4
سهام عدالت,105,5
ایران خودرو,106,6
سایت ایران خودرو,107,7
پیگیری خرید سیم کارت همراه اول,108,8
سجام,109,9
سایپا,110,10
تاریخ امروز,111,11
طرح رمضان همراه اول,112,12
ثبت نام سایپا,113,13
بام,114,14
فعال کردن سیمکارت همراه اول,115,15
پرتال همراه اول,116,16
فعال كردن سيم كارت اعتباري همراه اول,117,17
بهترین بسته اینترنت همراه اول,118,18
طرح های مکالمه همراه اول,119,19
سهام همراه اول,120,20
پیگیری سیم کارت رایگان همراه اول,121,21
اخابر,122,22
پیگیری سیم کارت رایگان,123,23
استعلام قیمت سیم کارت همراه اول,124,24
غير فعال كردن رومينگ همراه اول,125,0
قبض ایرانسل دائمی,126,1
آواي انتظار همراه اول,127,2
فعال كردن پشت خط همراه اول,128,3
رومینگ همراه اول,129,4
اینترنت داخلی همراه اول چیست,130,5
لغو تمدید خودکار اینترنت همراه اول,131,6
سود سهام همراه اول در سال ۹۹,132,7
قیمت سکه,133,8
رمز شارژ اضطراری همراه اول,134,9
روش انتقال شارژ همراه اول به همراه اول,135,10
کدهای اینترنت همراه اول,136,11
تغییر مالکیت سیم کارت همراه اول,137,12
خرید نت همراه اول,138,13
کد باقی مانده اینترنت همراه اول,139,14
هزینه مکالمه همراه اول,140,15
بهترین بسته اینترنت همراه اول,141,16
خريد سيم كارت همراه اول,142,17
کدانتقال شارژ همراه اول,143,18
استعلام مانده اینترنت همراه اول,144,19
پرینت پیامک همراه اول,145,20
کد پیشواز همراه اول عاشقانه,146,21
کد دایورت همراه اول,147,22
لغو تمدید خودکار همراه اول,148,23
استعلام بسته اینترنت همراه اول,149,24
بسته های بلند مدت همراه اول,150,0
سايت همراه اول,151,1
ورزش۳,152,2
فروشگاه انلاین همراه اول,153,3
پيدا كردن كد آهنگ پيشواز همراه اول,154,4
ورزش3,155,5
بهترین بسته اینترنت همراه اول یک ماهه,156,6
مفید آنلاین,157,7
shop.mci,158,8
فروشگاه آنلاین همراه اول,159,9
بسته بلند مدت همراه اول,160,10
بسته سه ماهه همراه اول,161,11
تماس با اپراتور همراه اول,162,12
خرید بسته اینترنت همراه اول برای دیگران,163,13
irancell,164,14
کد دستوری خرید بسته اینترنت همراه اول,165,15
بسته اینترنت همراه اول یک ماهه,166,16
بسته های اینترنتی همراه اول,167,17
خرید بسته های اینترنت همراه اول,168,18
کد اینترنت به صرفه همراه اول,169,19
varzesh3,170,20
فروشگاه همراه اول,171,21
بهترین بسته اینترنت همراه اول,172,22
بسته های اینترنت ایرانسل,173,23
اینترنت یکساله همراه اول,174,24
کد پیشواز محرمی همراه اول,175,0
آهنگ پیشواز محرمی همراه اول,176,1
اهنگ پیشواز محرمی همراه اول,177,2
کد پیشواز محرم همراه اول پخش انلاین,178,3
بسته های اینترنتی بلند مدت همراه اول,179,4
کد پیشواز نوحه ترکی همراه اول پخش انلاین,180,5
کد آهنگ پیشواز همراه اول محرم,181,6
پیشواز محرم همراه اول,182,7
آهنگ پیشواز همراه اول محرم,183,8
کد پیشواز محرم همراه اول,184,9
پیشواز محرم,185,10
آهنگ پیشواز محرم,186,11
اهنگ پیشواز محرم,187,12
عیدانه همراه اول,188,13
کد پیشواز نوحه ترکی همراه اول,189,14
کد پیشواز نوحه همراه اول,190,15
نوحه پیشواز همراه اول,191,16
کد مداحی پیشواز همراه اول,192,17
هم آوا,193,18
پیشواز مداحی همراه اول,194,19
فیلتر شکن همراه اول,195,20
کد پیشواز مداحی همراه اول پخش آنلاین,196,21
طرح های مکالمه همراه اول,197,22
کد آهنگ پیشواز همراه اول مذهبی,198,23
کد غیر فعال سازی رومینگ همراه اول,199,24
سیمکارت دانش آموزی,200,0
کد غیرفعال سازی رومینگ همراه اول,201,1
سیم کارت انارستان همراه اول,202,2
کد غیر فعال سازی رومینگ همراه اول,203,3
قیمت دلار,204,4
انارستان همراه اول,205,5
سیم کارت دانش آموزی همراه اول,206,6
سیم کارت دانش آموزی ایرانسل,207,7
varzesh3,208,8
غیر فعال سازی رومینگ همراه اول,209,9
استعلام قیمت سیم کارت همراه اول,210,10
كد غير فعال كردن رومينگ همراه اول,211,11
قطع رومینگ همراه اول,212,12
کد رومینگ همراه اول,213,13
70 گیگ اینترنت رایگان همراه اول 99,214,14
کد در دسترس نبودن همراه اول,215,15
آهنگ پیشواز دلخواه همراه اول,216,16
غير فعال كردن رومينگ همراه اول,217,17
پرداخت قبض تلفن ثابت,218,18
قبض تلفن ثابت,219,19
نقطه دستیابی همراه اول,220,20
کد پیشواز همراه اول غمگین گریه دار,221,21
دفتر خدمات همراه اول,222,22
کد پیشواز همراه اول دکلمه عاشقانه,223,23
دانلود بازار,224,24
مومو,225,0
کد پیشواز من ایرانم و تو عراقی همراه اول,226,1
720 دقیقه مکالمه همراه اول,227,2
استعلام مانده حساب همراه اول,228,3
پرداخت قبض برق,229,4
ثبت نام ایران خودرو,230,5
خرید بسته اینترنت همراه اول برای دیگران,231,6
همراه مکانیک,232,7
آهنگ پیشواز دلخواه همراه اول,233,8
ایران خودرو,234,9
کد موجودی اینترنت همراه اول,235,10
بسته های نامحدود همراه اول,236,11
کد اینترنت رایگان همراه اول واقعی,237,12
کد باقیمانده شارژ همراه اول,238,13
کد مکالمه رایگان ماهانه همراه اول,239,14
فال حافظ,240,15
پرداخت قبض موبایل همراه اول,241,16
آهنگهای پیشواز همراه اول,242,17
کداهنگ پیشوازهمراه اول,243,18
پيدا كردن كد آهنگ پيشواز همراه اول,244,19
شهر خبر,245,20
آهنگ پیشواز همراه اول جدید,246,21
خريد بسته اينترنت همراه اول,247,22
بسته ترکیبی همراه اول,248,23
کد پیشواز همراه اول محسن ابراهیم زاده,249,24
کد مکالمه رایگان ماهانه همراه اول,250,0
غير فعال كردن اينترنت آزاد همراه اول,251,1
تقسیط بدهی همراه اول,252,2
کد اینترنت دانش آموزی همراه اول,253,3
طریقه انتقال شارژ همراه اول,254,4
کد تنظیمات اینترنت همراه اول,255,5
ایران جیب,256,6
کد لغو بسته اینترنت همراه اول,257,7
چگونه اینترنت همراه اول را فعال کنیم,258,8
شماره پشتیبانی همراه اول,259,9
فروشگاه اینترنتی همراه اول,260,10
طرح اینترنت همراه اول,261,11
کد پیشواز همراه اول غمگین دل شکسته,262,12
اینترنت دانش آموزی همراه اول,263,13
مبین نت,264,14
کد پیشواز همراه اول دکلمه عاشقانه,265,15
سوزاندن سیم کارت همراه اول,266,16
کد غیر فعال سازی اینترنت همراه اول,267,17
آهنگ پیشواز همراه اول غمگین مهراب,268,18
تنظیمات اینترنت همراه اول سامسونگ,269,19
انتقال اینترنت همراه اول اعتباری به اعتباری,270,20
شماره خدمات همراه اول,271,21
کد انتقال شارژ همراه اول اعتباری به اعتباری,272,22
قیمت سیم کارت دائمی همراه اول,273,23
تنظیم اینترنت همراه اول,274,24
هدیه شب یلدا همراه اول,275,0
هدیه شب یلدا,276,1
اینترنت شب یلدا همراه اول,277,2
اینترنت رایگان شب یلدا همراه اول,278,3
کد اینترنت رایگان شب یلدا همراه اول,279,4
هدیه همراه اول برای شب یلدا,280,5
کد غیر فعال سازی رومینگ همراه اول,281,6
هدیه همراه اول برای شب یلدا ۹۹,282,7
کد هدیه شب یلدا همراه اول,283,8
اینترنت نامحدود روزانه همراه اول,284,9
همراه مکانیک,285,10
بسته های مقرون به صرفه همراه اول,286,11
سجام,287,12
کد شارژ اضطراری ایرانسل,288,13
اینترنت رایگان ایرانسل,289,14
mci.ir,290,15
خرید سیم کارت دائمی همراه اول,291,16
کد اینترنت نامحدود همراه اول,292,17
اینترنت نامحدود همراه اول 1 تا 11,293,18
غیر فعال سازی اینترنت دانش آموزی همراه اول,294,19
آهنگ پیشواز همراه اول هایده,295,20
ورزش۳,296,21
چرا اینترنت همراه اول وصل نمیشه,297,22
باشگاه مشتریان همراه اول,298,23
کد مانده شارژ همراه اول,299,24
اینترنت دهه فجر همراه اول,300,0
اینترنت هدیه همراه اول دهه فجر,301,1
کد دوشنبه سوری های همراه اول,302,2
بسته اینترنت هدیه دهه فجر همراه اول,303,3
هم آوا,304,4
آهنگ پیشواز همراه اول سنتی پخش آنلاین,305,5
نحوه خرید بسته اینترنت همراه اول,306,6
شاپ همراه اول,307,7
تغییر نام سیم کارت همراه اول,308,8
چرا اینترنت همراه اول وصل نمیشه,309,9
کد پیشواز همراه اول دکلمه عاشقانه,310,10
باشگاه مشتریان همراه اول,311,11
کد انتقال شارژ همراه اول به ایرانسل,312,12
مشاهده صورتحساب همراه اول,313,13
فروشگاه اینترنتی همراه اول,314,14
فروشگاه آنلاین همراه اول,315,15
نحوه فعال سازی اینترنت همراه اول,316,16
سجام,317,17
بهترین بسته اینترنت همراه اول,318,18
شماره اپراتور همراه اول,319,19
تنظیم اینترنت همراه اول,320,20
صورت حساب همراه اول,321,21
سایت ایرانسل,322,22
کد همراه اول برای شارژ,323,23
اپلیکیشن همراه اول,324,24
هدیه روز پدر همراه اول,325,0
محتوای داخلی همراه اول چیست,326,1
15 گیگ اینترنت رایگان همراه اول,327,2
هدیه همراه اول برای روز پدر,328,3
اموزشیار,329,4
کد آهنگ پیشواز همراه اول ترکیه ای ابراهیم تاتلیس,330,5
خرید شارژ همراه اول بدون مالیات,331,6
اینترنت دانشجویی همراه اول,332,7
اینترنت داخلی همراه اول,333,8
محتوای داخلی همراه اول,334,9
به نام زدن سیم کارت همراه اول,335,10
سایت های داخلی همراه اول,336,11
لغو آهنگ پیشواز همراه اول,337,12
خرید بهترین بسته اینترنت همراه اول,338,13
کد اینترنت دهه فجر همراه اول,339,14
قیمت گذاری سیم کارت,340,15
چرا اینترنت همراه اول وصل نمیشه,341,16
اینترنت دهه فجر همراه اول,342,17
طریقه انتقال شارژ همراه اول,343,18
کد هدیه تولد همراه اول,344,19
آواهای انتظار همراه اول,345,20
باشگاه مشتریان همراه اول,346,21
حذف بسته اینترنت همراه اول,347,22
تست سرعت اینترنت همراه اول,348,23
ictgifts.ir,349,24
عیدانه همراه اول,350,0
عیدی ایرانسل,351,1
عیدی همراه اول ۱۴۰۰,352,2
عیدی همراه اول 1400,353,3
کد عیدانه همراه اول,354,4
هدیه نیمه شعبان همراه اول,355,5
بسته عیدانه همراه اول,356,6
هدیه همراه اول برای عید,357,7
کد عیدی همراه اول ۱۴۰۰,358,8
کد هدیه نوروزی همراه اول,359,9
هدیه همراه اول برای نیمه شعبان,360,10
تاریخ امروز,361,11
بسته عیدانه همراه اول ۱۴۰۰,362,12
کد عیدی همراه اول,363,13
عیدی همراه اول,364,14
هدیه نوروزی همراه اول,365,15
اینترنت عیدی همراه اول,366,16
عیدی ایرانسل ۱۴۰۰,367,17
عیدانه همراه اول 1400,368,18
کد عیدی اینترنت همراه اول,369,19
فعال كردن اينترنت خط همراه اول,370,20
مبین نت,371,21
هدیه تولد همراه اول,372,22
اینترنت شبانه همراه اول,373,23
سامانه سهام عدالت,374,24
آهنگ پیشواز همراه اول ماه رمضان,375,0
طرح رمضان همراه اول,376,1
شهر خبر,377,2
هدیه همراه اول به مناسبت ماه رمضان,378,3
5 گیگ اینترنت رایگان همراه اول,379,4
کد لغو تبلیغات همراه اول,380,5
بهترین بسته اینترنت همراه اول یک ماهه,381,6
هدیه ماه رمضان همراه اول,382,7
کد شارژ اضطراری ایرانسل,383,8
انتقال مالکیت سیم کارت همراه اول,384,9
ترفند انتقال شارژ همراه اول به همراه اول,385,10
خريد بسته اينترنت همراه اول,386,11
شارژ اضطراری ایرانسل,387,12
قبض تلفن ثابت,388,13
شماره رند همراه اول,389,14
15 گیگ اینترنت رایگان همراه اول,390,15
پرداخت قبض تلفن ثابت,391,16
تعرفه مکالمه همراه اول,392,17
کدآهنگ پیشواز همراه اول غمگین,393,18
رومینگ همراه اول,394,19
فعال كردن پشت خط همراه اول,395,20
اهنگ مال خود من باش,396,21
پرداخت صورتحساب همراه اول,397,22
کد باقی مانده اینترنت همراه اول,398,23
کدانتقال شارژ همراه اول,399,24
اینترنت انتخابات همراه اول,400,0
اینترنت رایگان انتخابات همراه اول,401,1
اینترنت رایگان انتخابات,402,2
هدیه عید فطر همراه اول,403,3
هدیه انتخابات همراه اول,404,4
اینترنت رایگان همراه اول شب قدر,405,5
هدیه همراه اول برای عید فطر,406,6
اپلیکیشن ذره بین همراه اول,407,7
کد حذف تبلیغات همراه اول,408,8
آهنگ پیشواز همراه اول سنتی پخش آنلاین,409,9
کد اینترنت رایگان همراه اول واقعی,410,10
7 گیگ اینترنت رایگان همراه اول,411,11
کد لغو پیامک تبلیغاتی همراه اول,412,12
کد شارژ اضطراری همراه اول وایرانسل,413,13
۷ گیگ اینترنت رایگان همراه اول,414,14
آهنگ پیشواز رایگان همراه اول 98,415,15
کد هدیه عید فطر همراه اول,416,16
عیدی همراه اول برای عید فطر,417,17
خرید شارژ همراه اول بدون مالیات,418,18
سیمکارت رایگان همراه اول,419,19
کد لغو دایورت تماس همراه اول,420,20
کد ارسال شارژ همراه اول,421,21
حذف پیامک تبلیغاتی همراه اول,422,22
کد خرید بسته مکالمه همراه اول,423,23
دانلود بازار,424,24
بروزرسانی همراه اول,425,0
خرید شارژ همراه اول بدون مالیات,426,1
برنامه ذره بین همراه اول,427,2
فال حافظ,428,3
مشکل خرید اینترنت همراه اول,429,4
چرا همراه اول قطع شده,430,5
اختلال در خرید بسته اینترنت همراه اول,431,6
اپ ذره بین همراه اول,432,7
دانلود برنامه ذره بین همراه اول,433,8
کد دوشنبه سوری همراه اول ۱۴۰۰,434,9
دانلود ذره بین همراه اول,435,10
اختلال همراه اول,436,11
دانلود اپلیکیشن ذره بین همراه اول,437,12
خرید بسته اینترنت همراه اول برای دیگران,438,13
ذره بین همراه اول,439,14
ذره بین,440,15
مشکل اینترنت همراه اول,441,16
چرا اینترنت همراه اول وصل نمیشه,442,17
مشکل همراه اول,443,18
اپلیکیشن ذره بین همراه اول,444,19
کد خرید بسته اینترنت همراه اول آلفا,445,20
نحوه خرید بسته اینترنت همراه اول,446,21
وارد كردن رمز شارژ همراه اول,447,22
خرید نت همراه اول,448,23
کد لغو انتقال تماس همراه اول,449,24
کد پیشواز محرم همراه اول,450,0
اینترنت رایگان ذره بین همراه اول,451,1
کد دستوری دوشنبه سوری همراه اول,452,2
اینترنت رایگان همراه اول برای کرونا,453,3
پرینت مکالمات همراه اول,454,4
اموزش گرفتن اینترنت رایگان همراه اول,455,5
آهنگ پیشواز همراه اول خواننده های قدیمی,456,6
خرید سیم کارت همراه اول 0912,457,7
کد مکالمه ساعتی همراه اول,458,8
15 گیگ اینترنت رایگان همراه اول,459,9
هدیه همراه اول برای عید قربان,460,10
آهنگهای پیشواز همراه اول,461,11
خرید شارژ ایرانسل,462,12
فروش سیم کارت همراه اول,463,13
۷۰ گیگ اینترنت رایگان همراه اول,464,14
کد اینترنت شبانه همراه اول,465,15
اینترنت نامحدود همراه اول 1 تا 11,466,16
دوشنبه سوری همراه اول,467,17
دریافت قبض همراه اول,468,18
دائمي كردن خط اعتباري همراه اول,469,19
تنظیم اینترنت همراه اول,470,20
کد دوشنبه سوری همراه اول,471,21
ترابرد به همراه اول,472,22
فعال كردن پشت خط همراه اول,473,23
آهنگ پیشواز همراه اول غمگین مهراب,474,24
کد اهنگ پیشواز محرمی همراه اول,475,0
محتوای داخلی همراه اول,476,1
محتوای داخلی همراه اول چیست,477,2
کد پیشواز همراه اول من ایرانمو تو عراقی,478,3
فعال كردن اينترنت خط همراه اول,479,4
اهنگ پیشواز محرم همراه اول,480,5
آهنگ پیشواز همراه اول محرم,481,6
کد پیشواز همراه اول محرم,482,7
اهنگ پیشواز محرم,483,8
کد آهنگ پیشواز همراه اول محرم,484,9
پیشواز محرم همراه اول,485,10
پیشواز محرم,486,11
کد پیشواز همراه اول محرمی,487,12
آهنگ پیشواز محرمی همراه اول,488,13
پیشواز محرمی همراه اول,489,14
کد پیشواز محرم همراه اول پخش انلاین,490,15
کد پیشواز همراه اول محمود کریمی,491,16
کد پیشواز همراه اول نوحه,492,17
کد پیشواز نوحه ترکی همراه اول,493,18
نوحه پیشواز همراه اول,494,19
پیشواز نوحه ترکی همراه اول,495,20
کد پیشواز مداحی همراه اول,496,21
۷۰ گیگ اینترنت رایگان همراه اول به خاطر کرونا,497,22
کد فعال سازی مکالمه رایگان همراه اول,498,23
سایت های داخلی همراه اول,499,24
کد دوشنبه سوری ایرانسل,500,0
سیم کارت دانشجویی همراه اول,501,1
کد 2 گیگ اینترنت رایگان همراه اول,502,2
کد دستوری دوشنبه سوری همراه اول,503,3
قیمت سیم کارت دائمی همراه اول 0912,504,4
ورزش3,505,5
نحوه فعال كردن پشت خطي همراه اول,506,6
کد رایگان شاد همراه اول,507,7
انتقال مالکیت سیم کارت همراه اول,508,8
غير فعال كردن آهنگ پيشواز همراه اول,509,9
آهنگ پیشواز همراه اول خواننده های قدیمی,510,10
فعال كردن اينترنت خط همراه اول,511,11
کد دوشنبه سوری همراه اول ۱۴۰۰,512,12
کد دستوری مکالمه همراه اول,513,13
سیم کارت دانش آموزی همراه اول,514,14
فروشگاه آنلاین همراه اول,515,15
کد دوشنبه سوری همراه اول,516,16
کد اینترنت به صرفه همراه اول,517,17
کد رایگان کردن همراه اول,518,18
مشاهده صورتحساب همراه اول,519,19
آهنگ پیشواز رایگان همراه اول 98,520,20
کد مکالمه رایگان ماهانه همراه اول,521,21
کد دوشنبه سوری همراه اول چنده,522,22
لغو پیامک تبلیغاتی همراه اول,523,23
استعلام قیمت سیم کارت همراه اول,524,24
10 گیگ اینترنت رایگان همراه اول,525,0
کد اینترنت رایگان همراه اول واقعی۱۴۰۰,526,1
تنظیمات اینترنت 4.5g همراه اول,527,2
کد رایگان شدن شاد همراه اول,528,3
اوانو همراه اول,529,4
خرید سیم کارت دانشجویی همراه اول,530,5
کد اینترنت رایگان همراه اول واقعی,531,6
سیم کارت دانشجویی همراه اول,532,7
چرا نت همراه اول وصل نمیشه,533,8
بهترین بسته اینترنت همراه اول,534,9
کد انتقال اعتبار همراه اول,535,10
نقطه اتصال همراه اول,536,11
کد مانده شارژ همراه اول,537,12
اینترنت دانشجویی همراه اول,538,13
کد ارسال شارژ همراه اول,539,14
تغییر مالکیت سیم کارت همراه اول,540,15
فعال سازی اینترنت دانش آموزی همراه اول,541,16
اطلاع از بسته اینترنت همراه اول,542,17
کد آهنگ پیشواز همراه اول مذهبی,543,18
کد اینترنت ساعتی همراه اول,544,19
فعال سازی اینترنت همراه اول رایگان,545,20
اینترنت دانشجویی,546,21
اینترنت شاد همراه اول,547,22
کد رایگان شاد همراه اول,548,23
کد فعال سازی اینترنت رایگان همراه اول,549,24
کد دستوری مانده اینترنت همراه اول,550,0
مکالمه ۵۷۰ دقیقه ای همراه اول,551,1
همتا,552,2
فعال كردن تماس از دست رفته همراه اول,553,3
آهنگ پیشواز همراه اول غمگین مهراب,554,4
varzesh3,555,5
خرید سیم کارت دائمی همراه اول,556,6
قبضینو,557,7
خرید بسته ترکیبی همراه اول,558,8
کد آهنگ پیشواز همراه اول غمگین ترکی با صدای زن,559,9
با چه کدی اینترنت همراه اول بگیریم,560,10
امروز چندمه,561,11
پیش شماره های همراه اول,562,12
پرسپولیس,563,13
شارژ اضطراری همراه اول ۶۰۰ تومان,564,14
بسته ترکیبی همراه اول,565,15
حذف پیامک تبلیغاتی همراه اول,566,16
لغو پیامک تبلیغاتی همراه اول,567,17
کد فعال سازی مکالمه رایگان همراه اول,568,18
کد همراه اول برای موجودی,569,19
استعلام مانده اینترنت همراه اول,570,20
mci.ir,571,21
حذف تبلیغات همراه اول,572,22
کد ارسال شارژ همراه اول,573,23
mci,574,24
هدیه یلدا همراه اول,575,0
هدیه شب یلدا همراه اول,576,1
اینترنت شب یلدا همراه اول,577,2
آکادمی همراه اول,578,3
۷۰ گیگ اینترنت رایگان همراه اول,579,4
هدیه همراه اول برای شب یلدا ۱۴۰۰,580,5
کد دوشنبه سوری همراه اول ۱۴۰۰,581,6
کد هدیه شب یلدا همراه اول,582,7
فعال كردن پشت خط همراه اول,583,8
قیمت طلا,584,9
کد شارژ اضطراری همراه اول ۶۰۰ تومان,585,10
کد فهمیدن شماره همراه اول,586,11
کد آهنگ پیشواز همراه اول مذهبی,587,12
پرداخت قبض ایرانسل,588,13
بسته اینترنت همراه اول یک ماهه,589,14
آهنگ پیشواز دلخواه همراه اول,590,15
تنظیمات اینترنت همراه اول سامسونگ,591,16
کد لغو آهنگ پیشواز همراه اول,592,17
حذف پیامک تبلیغاتی ایرانسل,593,18
کد حذف تبلیغات همراه اول,594,19
سوزاندن سیم کارت همراه اول,595,20
دوشنبه سوری همراه اول,596,21
فروشگاه آنلاین همراه اول,597,22
کد دوشنبه سوری همراه اول,598,23
شارژ اضطراری همراه اول ۶۰۰ تومان,599,24
هدیه روز مادر همراه اول,600,0
هدیه همراه اول برای روز مادر,601,1
هک شدن همراه اول,602,2
خرید بسته اینترنت همراه اول برای دیگران,603,3
تاریخ امروز,604,4
مترجم گوگل,605,5
کد آهنگ پیشواز همراه اول ترکی یالان دنیا,606,6
امروز چندمه,607,7
حذف بسته رزرو همراه اول,608,8
هک همراه اول,609,9
کد اینترنت به صرفه همراه اول,610,10
کد شارژ همراه اول از طریق موبایل,611,11
صورت حساب همراه اول,612,12
mci.ir,613,13
دیوار تهران,614,14
تغییر مالکیت سیم کارت همراه اول,615,15
آهنگ پیشواز رایگان همراه اول 98,616,16
تست سرعت اینترنت,617,17
نت نامحدود همراه اول,618,18
فعالسازی سیم کارت همراه اول,619,19
تعویض آهنگ پیشواز همراه اول,620,20
طریقه انتقال شارژ همراه اول,621,21
لغو بسته رزرو همراه اول,622,22
استعلام موجودی همراه اول,623,23
apn همراه اول,624,24
هدیه همراه اول روز پدر,625,0
مکالمه ۵۷۰ دقیقه ای همراه اول,626,1
فروشگاه انلاین همراه اول,627,2
دائمي كردن سيم كارت همراه اول,628,3
بسته اینترنت هدیه همراه اول دهه فجر,629,4
پیگیری مرسوله پستی,630,5
آهنگ پیشواز همراه اول غمگین مهراب,631,6
irancell,632,7
کد نت رایگان همراه اول,633,8
۷۰ گیگ اینترنت رایگان همراه اول,634,9
دیوار تهران,635,10
خريد شارژ همراه اول,636,11
شماره رند همراه اول,637,12
سهام عدالت,638,13
کد دوشنبه سوری همراه اول ۱۴۰۰,639,14
اینترنت اضطراری همراه اول,640,15
بهترین بسته اینترنت همراه اول,641,16
تنظیمات apn همراه اول,642,17
نت رایگان همراه اول,643,18
6 گیگ اینترنت رایگان همراه اول,644,19
اینترنت هدیه همراه اول,645,20
ترابرد به همراه اول,646,21
apn همراه اول,647,22
افزایش سرعت اینترنت همراه اول,648,23
آهنگ پیشواز رایگان همراه اول ۱۴۰۰,649,24
عیدانه همراه اول,650,0
کد عیدی همراه اول,651,1
کد عیدانه همراه اول,652,2
بسته عیدانه همراه اول,653,3
فعال سازی عیدانه همراه اول,654,4
فعالسازی عیدانه همراه اول,655,5
عیدانه همراه اول ۱۴۰۱,656,6
کد عیدی همراه اول ۱۴۰۱,657,7
هدیه نوروزی همراه اول,658,8
کد فعال سازی عیدانه همراه اول,659,9
شارژ عیدی همراه اول,660,10
فعالسازی بسته عیدانه همراه اول,661,11
کد عیدانه همراه اول ۱۴۰۱,662,12
عیدی ایرانسل,663,13
کد عیدی همراه اول 1401,664,14
کد هدیه همراه اول ۱۴۰۱,665,15
فعال سازی بسته عیدانه همراه اول,666,16
کد عیدی اینترنت همراه اول,667,17
فعالسازی عیدی همراه اول,668,18
کد دستوری عیدی همراه اول,669,19
کد فعال سازی عیدی همراه اول,670,20
نحوه فعالسازی عیدانه همراه اول,671,21
بسته عیدانه همراه اول ۱۴۰۱,672,22
رمز عیدی همراه اول,673,23
کد فعال سازی عیدانه همراه اول ۱۴۰۱,674,24
بسته ۱۵ گیگ همراه اول,675,0
هدیه همراه اول برای ماه رمضان 1401,676,1
بسته یکساله همراه اول,677,2
اینترنت یکساله همراه اول,678,3
هدیه ماه رمضان همراه اول,679,4
فروشگاه آنلاین همراه اول,680,5
دیوار تهران,681,6
کد بهترین بسته اینترنت همراه اول یک ماهه,682,7
اینترنت سالانه همراه اول,683,8
بسته های اینترنتی همراه اول,684,9
دانلود برنامه ذره بین همراه اول,685,10
تاریخ امروز,686,11
برنامه ذره بین همراه اول,687,12
اینترنت به صرفه همراه اول,688,13
لغو تعرفه آزاد همراه اول,689,14
کد خرید بسته اینترنت همراه اول,690,15
کد خرید بسته اینترنت همراه اول آلفا,691,16
ثبت نام ایران خودرو,692,17
بسته های اینترنت همراه اول,693,18
امروز چندمه,694,19
بسته مکالمه همراه اول ماهانه,695,20
کد دستوری خرید اینترنت همراه اول,696,21
دانلود برنامه ذره بین همراه اول با لینک مستقیم,697,22
کد مکالمه رایگان ماهانه همراه اول,698,23
24 گیگ اینترنت رایگان همراه اول,699,24
کد قطع اینترنت آزاد همراه اول,700,0
کد پیشواز همراه اول سلام فرمانده,701,1
آهنگ پیشواز سلام فرمانده همراه اول,702,2
پیشواز سلام فرمانده همراه اول,703,3
سلام فرمانده,704,4
هدیه همراه اول برای عید فطر,705,5
اینترنت همراه اول سه ماهه ۳۵ گیگ,706,6
کد انتقال شارژ همراه اول به همراه اول نی نی سایت,707,7
کد فعال سازی ۲۰ گیگ اینترنت رایگان همراه اول,708,8
خرید بسته اینترنت همراه اول برای دیگران,709,9
کد اینترنت ساعتی همراه اول,710,10
اینترنت همراهی همراه اول,711,11
شماره خدمات همراه اول,712,12
کد اینترنت دانش آموزی همراه اول,713,13
کد از دسترس خارج شدن همراه اول,714,14
کد نت رایگان همراه اول,715,15
کد دستوری شارژ همراه اول,716,16
خرید بسته اینترنت همراه اول دائمی,717,17
اینترنت اضطراری همراه اول,718,18
امروز چندمه,719,19
لغو تمدید خودکار اینترنت همراه اول,720,20
گرفتن شارژ اضطراری همراه اول,721,21
کدهای دستوری همراه اول,722,22
بسته ترکیبی همراه اول,723,23
کد انتقال شارژ همراه اول به ایرانسل,724,24
تاریخ امروز,725,0
کد اینترنت ۱۰ گیگ ۱۰ روزه ۱۰ تومان همراه اول,726,1
آهنگ پیشواز همراه اول خواننده های قدیمی,727,2
رومینگ همراه اول در ترکیه,728,3
پرداخت قبض برق,729,4
۷۰ گیگ اینترنت رایگان همراه اول به خاطر کرونا,730,5
کد بسته شبانه همراه اول,731,6
فیلیمو,732,7
آکادمی همراه اول,733,8
24 گیگ اینترنت رایگان همراه اول,734,9
حذف آهنگ پیشواز ایرانسل,735,10
ریز مکالمات همراه اول,736,11
بسته شبانه همراه اول,737,12
اینترنت شبانه همراه اول,738,13
قیمت سیمکارت همراه اول,739,14
خرید شارژ همراه اول برای دیگران,740,15
استعلام موجودی همراه اول,741,16
دریافت تنظیمات اینترنت همراه اول,742,17
کد دستوری مانده اینترنت همراه اول,743,18
استعلام قبض همراه اول,744,19
اطلاع از بسته اینترنت همراه اول,745,20
دایورت خط همراه اول,746,21
استعلام مانده اینترنت همراه اول,747,22
چگونه اینترنت رایگان بگیریم همراه اول,748,23
کد فهمیدن شماره همراه اول,749,24
کد اینترنت رایگان همراه اول 10 گیگ,750,0
کد پیشواز نوحه ترکی همراه اول علیرضا اسفندیاری,751,1
سامانه یکپارچه تخصیص خودرو,752,2
پیشواز نوحه ترکی همراه اول,753,3
پیشواز محرمی همراه اول,754,4
پیشواز محرم,755,5
کد پیشواز نوحه ترکی همراه اول,756,6
آهنگ پیشواز محرم همراه اول,757,7
کد پیشواز همراه اول محرم,758,8
اهنگ پیشواز محرم,759,9
پیشواز محرم همراه اول,760,10
اهنگ پیشواز همراه اول محرم,761,11
علت قطعی همراه اول,762,12
نوحه پیشواز همراه اول,763,13
کد پیشواز نوحه همراه اول,764,14
کد پیشواز محرم همراه اول پخش انلاین,765,15
کد خرید بسته مکالمه همراه اول,766,16
کد مداحی پیشواز همراه اول,767,17
قطعی همراه اول,768,18
آهنگ پیشواز مداحی همراه اول,769,19
کد آهنگ پیشواز همراه اول مذهبی,770,20
اپلیکیشن همراه من,771,21
تماس با اپراتور همراه اول,772,22
آهنگ پیشواز همراه اول غمگین مهراب,773,23
کارتون,774,24
کد فعال سازی ۲۰ گیگ اینترنت رایگان همراه اول,775,0
خرید بسته رومینگ همراه اول,776,1
کد آهنگ پیشواز همراه اول غمگین ترکی با صدای زن,777,2
کد مکالمه رایگان ماهانه همراه اول,778,3
کد نت شبانه همراه اول,779,4
کد انتقال شارژ همراه اول به همراه اول بیشتر از 1000 تومان,780,5
تعرفه مکالمه همراه اول,781,6
کد لغو تمدید خودکار اینترنت همراه اول,782,7
کد باقی مانده اینترنت همراه اول,783,8
کد اینترنت ساعتی همراه اول,784,9
irancell,785,10
حذف بسته رزرو همراه اول,786,11
انتقال مالکیت سیم کارت همراه اول,787,12
بسته اینترنت همراه اول یک ماهه,788,13
حذف آهنگ پیشواز همراه اول,789,14
دانلود برنامه ذره بین همراه اول با لینک مستقیم,790,15
حذف پیشواز همراه اول,791,16
ترابرد به همراه اول,792,17
کد غیر فعال سازی آهنگ پیشواز همراه اول,793,18
کد لغو آهنگ پیشواز همراه اول,794,19
رومینگ همراه اول,795,20
لغو پیشواز همراه اول,796,21
رمز شارژ اضطراری همراه اول,797,22
هدیه تولد همراه اول,798,23
کد باقیمانده شارژ همراه اول,799,24
فیلتر شکن برای همراه اول,800,0
فیلتر شکن قوی,801,1
عدم ارسال پیامک همراه اول,802,2
چرا پیام ارسال نمیشه همراه اول,803,3
مهسا امینی,804,4
اینترنت کی وصل میشه,805,5
سامانه یکپارچه تخصیص خودرو,806,6
فعال سازی رومینگ همراه اول در عراق,807,7
علت ارسال نشدن پیامک همراه اول,808,8
خرید 0لنا97خلحهچتاد زوپک87,809,9
فیلتر شکن,810,10
فیلتر شکن همراه اول,811,11
vpn,812,12
قطعی اینترنت همراه اول,813,13
فعالسازی رومینگ همراه اول,814,14
بسته اینترنت اربعین همراه اول,815,15
تاریخ امروز,816,16
شماره مرکز پیام همراه اول,817,17
کد رایگان شدن روبیکا برای خط همراه اول,818,18
فعال سازی رومینگ همراه اول در خارج از کشور,819,19
دلیل ارسال نشدن پیامک همراه اول,820,20
رومینگ همراه اول در عراق,821,21
بسته رومینگ همراه اول,822,22
هزینه رومینگ همراه اول در عراق,823,23
ورزش سه,824,24
کد از دسترس خارج شدن همراه اول,825,0
ایرانخودرو,826,1
تنظیمات اینترنت همراه اول در ایفون,827,2
کد اهنگ پیشواز همراه اول مهراب عاشق,828,3
کد پیشواز همراه اول دلم گرفته ای خدا,829,4
پرسرعت ترین apn همراه اول,830,5
فعال کردن پشت خطی همراه اول,831,6
کد پیشواز همراه اول غمگین دل شکسته,832,7
آهنگ پیشواز رایگان همراه اول 98,833,8
فیلتر شکن قوی,834,9
شهر خبر,835,10
وی پی ان همراه اول,836,11
پرینت خط همراه اول,837,12
روبیکا,838,13
فیلترشکن برای همراه اول,839,14
کد رایگان شدن روبیکا برای خط همراه اول,840,15
فیلتر شکن برای همراه اول,841,16
اهنگ پیشواز محسن لرستانی,842,17
پرداخت قبض ایرانسل,843,18
کد آهنگ پیشواز همراه اول محسن لرستانی,844,19
vpn برای همراه اول,845,20
ایران خودرو,846,21
فیلتر شکن,847,22
کد پیشواز همراه اول محسن لرستانی,848,23
آهنگ پیشواز همراه اول محسن لرستانی,849,24
فال حافظ,850,0
ترب,851,1
سه گیگ اینترنت رایگان همراه اول,852,2
هدیه همراه اول برای جام جهانی,853,3
کد ارسال شارژ همراه اول,854,4
فروش سیم کارت همراه اول,855,5
خرید شارژ همراه اول برای دیگران,856,6
قیمت روز طلا,857,7
قیمت طلا امروز,858,8
لغو پیامک تبلیغاتی همراه اول,859,9
اینترنت هدیه همراه اول,860,10
کد آهنگ پیشواز همراه اول مرتضی جعفرزاده دنبال جای زخمامی,861,11
نام نقطه دستیابی همراه اول,862,12
کد پیشواز همراه اول لاتی,863,13
فیلتر شکن مخصوص همراه اول,864,14
کد دریافت تنظیمات اینترنت همراه اول,865,15
سایت ایران خودرو,866,16
مبین نت,867,17
استعلام نت همراه اول,868,18
کد انتقال شارژ همراه اول به ایرانسل,869,19
هدیه همراه اول,870,20
کد فعال سازی مکالمه رایگان همراه اول,871,21
آهنگ پیشواز همراه اول هایده,872,22
آهنگ پیشواز همراه اول راغب,873,23
فیلترشکن همراه اول,874,24
هدیه همراه اول برای شب یلدا ۱۴۰۱,875,0
اینترنت رایگان شب یلدا ۱۴۰۱ همراه اول,876,1
پروکسی همراه اول تلگرام,877,2
کد پیشواز همراه اول دلم گرفته ای خدا,878,3
قیمت سکه,879,4
ورزش3,880,5
کد پیشواز همراه اول بارون اومد و یادم داد,881,6
کد آهنگ پیشواز همراه اول ترکی یالان دنیا,882,7
شهر خبر,883,8
استعلام مانده اینترنت همراه اول,884,9
یک روز مکالمه رایگان همراه اول,885,10
کد موجودی شارژ همراه اول,886,11
فعال كردن پشت خط همراه اول,887,12
بسته ترکیبی همراه اول,888,13
اپلیکیشن همراه من,889,14
استعلام قبض همراه اول,890,15
کد انتقال اعتبار همراه اول,891,16
همتا,892,17
خرید بسته اینترنتی همراه اول,893,18
شارژ اضطراری همراه اول ۶۰۰ تومان,894,19
فیلتر شکن قوی برای همراه اول,895,20
بازار,896,21
بسته مکالمه همراه اول اعتباری,897,22
بهترین فیلتر شکن برای همراه اول,898,23
مکالمه رایگان همراه اول,899,24
هدیه روز مادر همراه اول,900,0
آهنگ پیشواز مادر راغب همراه اول,901,1
720 دقیقه مکالمه همراه اول,902,2
ثبت نام ایران خودرو,903,3
استعلام قیمت سیم کارت همراه اول,904,4
سجام,905,5
لغو تمدید خودکار اینترنت همراه اول,906,6
وارد كردن رمز شارژ همراه اول,907,7
کد انتقال شارژ اعتباری به اعتباری,908,8
تعرفه مکالمه همراه اول,909,9
ایتا,910,10
اطلاع از بسته اینترنت همراه اول,911,11
استعلام نت همراه اول,912,12
اینترنت شبانه همراه اول,913,13
ایران خودرو,914,14
کد استعلام شارژ همراه اول,915,15
رمز شارژ اضطراری همراه اول,916,16
آهنگ پیشواز همراه اول غمگین مهراب,917,17
کد مانده شارژ همراه اول,918,18
تنظیمات اینترنت همراه اول سامسونگ,919,19
پروکسی تلگرام همراه اول,920,20
سیم کارت رند همراه اول,921,21
نتایج زنده,922,22
کد لغو آهنگ پیشواز همراه اول,923,23
بهترین فیلتر شکن برای همراه اول,924,24
اینترنت رایگان همراه اول دهه فجر ۱۴۰۱,925,0
کد همراه اول برای موجودی اینترنت,926,1
کد شارژ همراه اول از طریق موبایل,927,2
نوبت دهی تعویض پلاک,928,3
هدیه روز پدر همراه اول,929,4
تماس با اپراتور همراه اول,930,5
persian gulf,931,6
خريد شارژ همراه اول,932,7
هدیه همراه اول برای دهه فجر,933,8
فعال کردن رومینگ همراه اول,934,9
کد حذف تبلیغات همراه اول,935,10
پیگیری مرسوله پستی,936,11
کد آهنگ پیشواز همراه اول و عاشقانه,937,12
کد از دسترس خارج شدن همراه اول,938,13
کد شارژ اضطراری همراه اول رایگان,939,14
مکالمه همراهی همراه اول,940,15
کد انتقال شارژ همراه اول به همراه اول بیشتر از 1000 تومان,941,16
کد فعال سازی ۲۰ گیگ اینترنت رایگان همراه اول,942,17
آهنگ پیشواز رایگان همراه اول ۱۴۰۰,943,18
سایپا,944,19
موجودی اینترنت همراه اول,945,20
کد موجودی اینترنت همراه اول,946,21
سوزاندن سیم کارت همراه اول,947,22
خرید بسته مکالمه همراه اول,948,23
قرعه کشی همراه اول,949,24
عیدی همراه اول ۱۴۰۲,950,0
عیدانه همراه اول,951,1
کد عیدی همراه اول ۱۴۰۲,952,2
عیدی همراه اول 1402,953,3
عیدی ایرانسل,954,4
کد عیدی همراه اول 1402,955,5
کد فعالسازی عیدانه همراه اول,956,6
هدیه نوروزی همراه اول ۱۴۰۲,957,7
عیدانه همراه اول 1402,958,8
کد دریافت عیدی همراه اول,959,9
هدیه همراه اول برای نوروز ۱۴۰۲,960,10
عیدی ایرانسل 1402,961,11
کد فعالسازی عیدی همراه اول ۱۴۰۲,962,12
هدیه همراه اول برای نوروز 1402,963,13
عیدی همراه اول سال 1402,964,14
کد عیدانه همراه اول,965,15
عیدی همراه اول,966,16
کد عیدی همراه اول,967,17
هدیه نوروزی همراه اول,968,18
عیدانه همراه اول ۱۴۰۲,969,19
کد دستوری عیدی همراه اول ۱۴۰۲,970,20
بسته عیدانه همراه اول,971,21
کد عیدانه همراه اول ۱۴۰۲,972,22
کد هدیه نوروزی همراه اول,973,23
عیدی همراه اول نوروز 1402,974,24
query,,index
